"","V1","V2"
"1","FIM_IgG4","IPV1_IgG3"
"2","FIM_IgG4","DT_FcgR3b"
"3","FIM_IgG4","PT_FcgR3b"
"4","FIM_IgG4","FIM_IgG"
"5","FIM_IgG4","TT_IgG4"
"6","FIM_IgG4","FHA_FcgR2a"
"7","FIM_IgG4","FIM_ADCD"
"8","FIM_IgG4","TT_FcgR3b"
"9","FIM_IgG4","PRN_IgG"
"10","FIM_IgG4","FIM_FcgR3b"
"11","FIM_IgG4","PT_IgG4"
"12","FIM_IgG4","PRN_IgG4"
"13","FIM_IgG4","FHA_IgG1"
"14","FIM_IgG4","FIM_IgG3"
"15","FIM_IgG4","FHA_IgG4"
"16","FIM_IgG4","DT_IgG4"
"17","FIM_IgG4","IPV3_IgG3"
"18","FIM_IgG4","DT_IgG1"
"19","TT_IgG3","ACT_FcgR2a"
"20","TT_IgG3","PRN_FcgR2a"
"21","TT_IgG3","IPV3_FcgR2a"
"22","TT_IgG3","TT_IgG4"
"23","TT_IgG3","FIM_ADCD"
"24","TT_IgG3","TT_FcgR3b"
"25","TT_IgG3","PRN_IgG3"
"26","TT_IgG3","PRN_IgG"
"27","TT_IgG3","PT_IgG2"
"28","TT_IgG3","PT_IgG4"
"29","TT_IgG3","DT_IgG3"
"30","TT_IgG3","FIM_FcgR2a"
"31","TT_IgG3","PT_IgG3"
"32","TT_IgG3","FIM_IgG3"
"33","TT_IgG3","DT_IgG4"
"34","TT_IgG3","FHA_IgG2"
"35","TT_IgG3","FHA_IgG3"
"36","TT_IgG3","DT_IgG1"
"37","TT_IgG3","PT_IgG"
"38","IPV1_IgG3","ACT_FcgR2a"
"39","IPV1_IgG3","IPV1_IgG4"
"40","IPV1_IgG3","PT_FcgR2a"
"41","IPV1_IgG3","DT_FcgR3b"
"42","IPV1_IgG3","DT_FcgR2a"
"43","IPV1_IgG3","TT_IgG4"
"44","IPV1_IgG3","IPV1_FcgR3b"
"45","IPV1_IgG3","TT_FcgR3b"
"46","IPV1_IgG3","ACT_IgG1"
"47","IPV1_IgG3","IPV1_FcgR2a"
"48","IPV1_IgG3","DT_IgG3"
"49","IPV1_IgG3","FHA_ADCD"
"50","IPV1_IgG3","FIM_FcgR2a"
"51","IPV1_IgG3","DT_IgG4"
"52","IPV1_IgG3","IPV3_IgG4"
"53","IPV1_IgG3","IPV3_IgG1"
"54","IPV1_IgG3","IPV1_IgG1"
"55","IPV1_IgG3","IPV3_IgG3"
"56","IPV1_IgG3","IPV2_IgG3"
"57","ACT_FcgR2a","TT_ADNP"
"58","ACT_FcgR2a","FHA_IgG"
"59","ACT_FcgR2a","IPV3_ADCD"
"60","ACT_FcgR2a","IPV3_FcgR2a"
"61","ACT_FcgR2a","TT_ADCD"
"62","ACT_FcgR2a","FHA_FcgR2a"
"63","ACT_FcgR2a","IPV1_FcgR3b"
"64","ACT_FcgR2a","FHA_FcgR3b"
"65","ACT_FcgR2a","PRN_IgG"
"66","ACT_FcgR2a","ACT_IgG1"
"67","ACT_FcgR2a","ACT_FcgR3b"
"68","ACT_FcgR2a","DT_ADCD"
"69","ACT_FcgR2a","PT_IgG4"
"70","ACT_FcgR2a","IPV2_FcgR2a"
"71","ACT_FcgR2a","PRN_ADCD"
"72","ACT_FcgR2a","TT_IgG1"
"73","ACT_FcgR2a","DT_IgG3"
"74","ACT_FcgR2a","FHA_ADCD"
"75","ACT_FcgR2a","FIM_FcgR2a"
"76","ACT_FcgR2a","PT_IgG3"
"77","ACT_FcgR2a","ACT_IgG2"
"78","ACT_FcgR2a","DT_IgG4"
"79","ACT_FcgR2a","PT_ADNP"
"80","ACT_FcgR2a","IPV3_IgG4"
"81","ACT_FcgR2a","FHA_IgG3"
"82","ACT_FcgR2a","IPV1_IgG1"
"83","ACT_FcgR2a","ACT_IgG3"
"84","ACT_FcgR2a","DT_IgG1"
"85","TT_ADNP","PT_FcgR2a"
"86","TT_ADNP","PRN_ADNP"
"87","TT_ADNP","DT_FcgR3b"
"88","TT_ADNP","IPV3_FcgR2a"
"89","TT_ADNP","TT_IgG4"
"90","TT_ADNP","IPV1_FcgR3b"
"91","TT_ADNP","FIM_ADCD"
"92","TT_ADNP","FHA_FcgR3b"
"93","TT_ADNP","TT_FcgR3b"
"94","TT_ADNP","PRN_IgG"
"95","TT_ADNP","DT_ADCP"
"96","TT_ADNP","ACT_IgG1"
"97","TT_ADNP","PT_IgG4"
"98","TT_ADNP","DT_ADNP"
"99","TT_ADNP","FIM_IgG3"
"100","TT_ADNP","PRN_FcgR3b"
"101","TT_ADNP","FHA_IgG4"
"102","TT_ADNP","TT_ADCP"
"103","TT_ADNP","TT_IgG"
"104","TT_ADNP","PT_ADNP"
"105","TT_ADNP","PRN_ADCP"
"106","FHA_IgG","PRN_FcgR2a"
"107","FHA_IgG","PT_FcgR2a"
"108","FHA_IgG","IPV2_IgG2"
"109","FHA_IgG","DT_FcgR2a"
"110","FHA_IgG","IPV2_IgG4"
"111","FHA_IgG","PT_FcgR3b"
"112","FHA_IgG","IPV2_ADCD"
"113","FHA_IgG","FHA_FcgR2a"
"114","FHA_IgG","IPV1_FcgR3b"
"115","FHA_IgG","FHA_FcgR3b"
"116","FHA_IgG","TT_FcgR3b"
"117","FHA_IgG","PRN_IgG3"
"118","FHA_IgG","PRN_IgG"
"119","FHA_IgG","FIM_IgG1"
"120","FHA_IgG","ACT_FcgR3b"
"121","FHA_IgG","FIM_FcgR3b"
"122","FHA_IgG","PRN_IgG4"
"123","FHA_IgG","IPV1_FcgR2a"
"124","FHA_IgG","TT_IgG1"
"125","FHA_IgG","FHA_IgG1"
"126","FHA_IgG","FHA_ADCD"
"127","FHA_IgG","TT_FcgR2a"
"128","FHA_IgG","PT_IgG1"
"129","FHA_IgG","PT_IgG3"
"130","FHA_IgG","PRN_FcgR3b"
"131","FHA_IgG","DT_IgG2"
"132","FHA_IgG","FHA_IgG4"
"133","FHA_IgG","TT_IgG"
"134","FHA_IgG","ACT_ADCD"
"135","FHA_IgG","DT_IgG4"
"136","FHA_IgG","PT_ADNP"
"137","FHA_IgG","FHA_IgG2"
"138","FHA_IgG","FHA_IgG3"
"139","FHA_IgG","IPV1_IgG1"
"140","FHA_IgG","IPV3_IgG3"
"141","FHA_IgG","PRN_IgG1"
"142","FHA_IgG","PT_IgG"
"143","PRN_FcgR2a","PT_FcgR2a"
"144","PRN_FcgR2a","DT_FcgR3b"
"145","PRN_FcgR2a","DT_FcgR2a"
"146","PRN_FcgR2a","IPV2_IgG4"
"147","PRN_FcgR2a","TT_IgG4"
"148","PRN_FcgR2a","FHA_FcgR2a"
"149","PRN_FcgR2a","FHA_FcgR3b"
"150","PRN_FcgR2a","PRN_IgG3"
"151","PRN_FcgR2a","PRN_IgG"
"152","PRN_FcgR2a","ACT_FcgR3b"
"153","PRN_FcgR2a","PT_IgG4"
"154","PRN_FcgR2a","PRN_ADCD"
"155","PRN_FcgR2a","IPV1_FcgR2a"
"156","PRN_FcgR2a","TT_IgG1"
"157","PRN_FcgR2a","FHA_ADCD"
"158","PRN_FcgR2a","TT_FcgR2a"
"159","PRN_FcgR2a","IPV2_IgG1"
"160","PRN_FcgR2a","PRN_FcgR3b"
"161","PRN_FcgR2a","TT_IgG"
"162","PRN_FcgR2a","DT_IgG4"
"163","PRN_FcgR2a","PRN_IgG2"
"164","PRN_FcgR2a","PRN_IgG1"
"165","PRN_FcgR2a","PT_IgG"
"166","PRN_FcgR2a","PT_ADCD"
"167","IPV3_ADCD","PRN_ADNP"
"168","IPV3_ADCD","IPV3_FcgR2a"
"169","IPV3_ADCD","TT_ADCD"
"170","IPV3_ADCD","IPV2_ADCD"
"171","IPV3_ADCD","TT_IgG4"
"172","IPV3_ADCD","FHA_FcgR3b"
"173","IPV3_ADCD","FIM_IgG1"
"174","IPV3_ADCD","IPV1_ADCD"
"175","IPV3_ADCD","DT_ADCD"
"176","IPV3_ADCD","PT_IgG4"
"177","IPV3_ADCD","PRN_ADCD"
"178","IPV3_ADCD","FHA_ADCD"
"179","IPV3_ADCD","ACT_ADCD"
"180","IPV3_ADCD","IPV2_FcgR3b"
"181","IPV3_ADCD","IPV3_IgG1"
"182","IPV3_ADCD","PT_ADCD"
"183","IPV1_IgG4","IPV3_FcgR2a"
"184","IPV1_IgG4","IPV2_IgG4"
"185","IPV1_IgG4","PT_FcgR3b"
"186","IPV1_IgG4","IPV1_FcgR3b"
"187","IPV1_IgG4","FIM_IgG1"
"188","IPV1_IgG4","FIM_FcgR3b"
"189","IPV1_IgG4","IPV2_FcgR2a"
"190","IPV1_IgG4","IPV1_FcgR2a"
"191","IPV1_IgG4","FIM_FcgR2a"
"192","IPV1_IgG4","PT_IgG3"
"193","IPV1_IgG4","FHA_IgG4"
"194","IPV1_IgG4","DT_IgG4"
"195","IPV1_IgG4","IPV3_IgG1"
"196","IPV1_IgG4","PRN_IgG1"
"197","PT_FcgR2a","PRN_ADNP"
"198","PT_FcgR2a","IPV3_FcgR2a"
"199","PT_FcgR2a","DT_FcgR2a"
"200","PT_FcgR2a","PT_FcgR3b"
"201","PT_FcgR2a","FIM_IgG"
"202","PT_FcgR2a","FHA_FcgR2a"
"203","PT_FcgR2a","IPV1_FcgR3b"
"204","PT_FcgR2a","FIM_ADCD"
"205","PT_FcgR2a","TT_FcgR3b"
"206","PT_FcgR2a","PRN_IgG"
"207","PT_FcgR2a","IPV3_FcgR3b"
"208","PT_FcgR2a","PT_IgG2"
"209","PT_FcgR2a","PT_IgG4"
"210","PT_FcgR2a","IPV2_FcgR2a"
"211","PT_FcgR2a","IPV1_FcgR2a"
"212","PT_FcgR2a","TT_IgG1"
"213","PT_FcgR2a","DT_IgG3"
"214","PT_FcgR2a","FHA_ADCD"
"215","PT_FcgR2a","TT_FcgR2a"
"216","PT_FcgR2a","PT_IgG1"
"217","PT_FcgR2a","PT_IgG3"
"218","PT_FcgR2a","FIM_IgG3"
"219","PT_FcgR2a","TT_ADCP"
"220","PT_FcgR2a","TT_IgG"
"221","PT_FcgR2a","ACT_ADCD"
"222","PT_FcgR2a","DT_IgG4"
"223","PT_FcgR2a","IPV3_IgG3"
"224","PT_FcgR2a","PT_IgG"
"225","PT_FcgR2a","PT_ADCD"
"226","IPV2_IgG2","FIM_IgG"
"227","IPV2_IgG2","FIM_IgG1"
"228","IPV2_IgG2","IPV2_FcgR2a"
"229","IPV2_IgG2","IPV2_IgG1"
"230","IPV2_IgG2","FHA_IgG2"
"231","IPV2_IgG2","IPV2_FcgR3b"
"232","IPV2_IgG2","IPV2_IgG3"
"233","PRN_ADNP","DT_FcgR3b"
"234","PRN_ADNP","IPV2_ADCD"
"235","PRN_ADNP","FHA_FcgR2a"
"236","PRN_ADNP","TT_IgG2"
"237","PRN_ADNP","TT_FcgR3b"
"238","PRN_ADNP","DT_ADCP"
"239","PRN_ADNP","FIM_IgG1"
"240","PRN_ADNP","FIM_FcgR3b"
"241","PRN_ADNP","TT_IgG1"
"242","PRN_ADNP","FHA_ADCD"
"243","PRN_ADNP","DT_ADNP"
"244","PRN_ADNP","PT_IgG1"
"245","PRN_ADNP","FIM_FcgR2a"
"246","PRN_ADNP","PRN_FcgR3b"
"247","PRN_ADNP","DT_IgG2"
"248","PRN_ADNP","TT_ADCP"
"249","PRN_ADNP","PT_ADNP"
"250","PRN_ADNP","FHA_IgG3"
"251","PRN_ADNP","IPV2_FcgR3b"
"252","PRN_ADNP","PT_ADCP"
"253","PRN_ADNP","IPV2_IgG3"
"254","PRN_ADNP","PRN_ADCP"
"255","PRN_ADNP","PT_IgG"
"256","PRN_ADNP","PT_ADCD"
"257","DT_FcgR3b","IPV3_FcgR2a"
"258","DT_FcgR3b","TT_ADCD"
"259","DT_FcgR3b","IPV2_IgG4"
"260","DT_FcgR3b","PT_FcgR3b"
"261","DT_FcgR3b","FIM_IgG"
"262","DT_FcgR3b","FHA_FcgR2a"
"263","DT_FcgR3b","TT_IgG2"
"264","DT_FcgR3b","IPV1_FcgR3b"
"265","DT_FcgR3b","FHA_FcgR3b"
"266","DT_FcgR3b","TT_FcgR3b"
"267","DT_FcgR3b","PRN_IgG3"
"268","DT_FcgR3b","IPV3_FcgR3b"
"269","DT_FcgR3b","PT_IgG2"
"270","DT_FcgR3b","ACT_IgG1"
"271","DT_FcgR3b","FIM_FcgR3b"
"272","DT_FcgR3b","PRN_IgG4"
"273","DT_FcgR3b","PRN_ADCD"
"274","DT_FcgR3b","DT_IgG"
"275","DT_FcgR3b","TT_IgG1"
"276","DT_FcgR3b","DT_IgG3"
"277","DT_FcgR3b","FHA_IgG1"
"278","DT_FcgR3b","FHA_ADCD"
"279","DT_FcgR3b","TT_FcgR2a"
"280","DT_FcgR3b","PT_IgG1"
"281","DT_FcgR3b","FIM_FcgR2a"
"282","DT_FcgR3b","IPV2_IgG1"
"283","DT_FcgR3b","PRN_FcgR3b"
"284","DT_FcgR3b","DT_IgG2"
"285","DT_FcgR3b","FIM_IgG2"
"286","DT_FcgR3b","TT_ADCP"
"287","DT_FcgR3b","TT_IgG"
"288","DT_FcgR3b","ACT_ADCD"
"289","DT_FcgR3b","DT_IgG4"
"290","DT_FcgR3b","FHA_IgG2"
"291","DT_FcgR3b","FHA_IgG3"
"292","DT_FcgR3b","IPV2_FcgR3b"
"293","DT_FcgR3b","IPV3_IgG1"
"294","DT_FcgR3b","IPV1_IgG1"
"295","DT_FcgR3b","PT_ADCP"
"296","DT_FcgR3b","IPV3_IgG3"
"297","DT_FcgR3b","IPV2_IgG3"
"298","DT_FcgR3b","DT_IgG1"
"299","DT_FcgR3b","PT_IgG"
"300","IPV3_FcgR2a","DT_FcgR2a"
"301","IPV3_FcgR2a","PT_FcgR3b"
"302","IPV3_FcgR2a","IPV2_ADCD"
"303","IPV3_FcgR2a","IPV1_FcgR3b"
"304","IPV3_FcgR2a","FIM_ADCD"
"305","IPV3_FcgR2a","FHA_FcgR3b"
"306","IPV3_FcgR2a","PRN_IgG"
"307","IPV3_FcgR2a","IPV3_FcgR3b"
"308","IPV3_FcgR2a","PRN_IgG4"
"309","IPV3_FcgR2a","IPV2_FcgR2a"
"310","IPV3_FcgR2a","IPV1_FcgR2a"
"311","IPV3_FcgR2a","TT_FcgR2a"
"312","IPV3_FcgR2a","IPV2_IgG1"
"313","IPV3_FcgR2a","PRN_FcgR3b"
"314","IPV3_FcgR2a","DT_IgG2"
"315","IPV3_FcgR2a","IPV3_IgG1"
"316","IPV3_FcgR2a","IPV3_IgG2"
"317","IPV3_FcgR2a","IPV3_IgG3"
"318","IPV3_FcgR2a","IPV2_IgG3"
"319","IPV3_FcgR2a","PT_ADCD"
"320","DT_FcgR2a","FHA_FcgR2a"
"321","DT_FcgR2a","TT_IgG2"
"322","DT_FcgR2a","TT_FcgR3b"
"323","DT_FcgR2a","ACT_IgG1"
"324","DT_FcgR2a","FIM_FcgR3b"
"325","DT_FcgR2a","DT_ADCD"
"326","DT_FcgR2a","TT_IgG1"
"327","DT_FcgR2a","DT_IgG3"
"328","DT_FcgR2a","TT_FcgR2a"
"329","DT_FcgR2a","FIM_FcgR2a"
"330","DT_FcgR2a","DT_IgG2"
"331","DT_FcgR2a","DT_IgG4"
"332","DT_FcgR2a","IPV3_IgG3"
"333","DT_FcgR2a","DT_IgG1"
"334","TT_ADCD","PT_FcgR3b"
"335","TT_ADCD","IPV2_ADCD"
"336","TT_ADCD","PRN_IgG"
"337","TT_ADCD","IPV3_FcgR3b"
"338","TT_ADCD","ACT_IgG1"
"339","TT_ADCD","DT_ADCD"
"340","TT_ADCD","PRN_ADCD"
"341","TT_ADCD","TT_IgG1"
"342","TT_ADCD","TT_FcgR2a"
"343","TT_ADCD","ACT_ADCD"
"344","TT_ADCD","DT_IgG4"
"345","TT_ADCD","IPV3_IgG1"
"346","TT_ADCD","IPV1_IgG1"
"347","TT_ADCD","ACT_IgG3"
"348","TT_ADCD","PT_ADCD"
"349","IPV2_IgG4","FIM_IgG"
"350","IPV2_IgG4","TT_IgG4"
"351","IPV2_IgG4","IPV1_FcgR3b"
"352","IPV2_IgG4","FIM_ADCD"
"353","IPV2_IgG4","PRN_IgG"
"354","IPV2_IgG4","FIM_IgG1"
"355","IPV2_IgG4","FIM_FcgR3b"
"356","IPV2_IgG4","PT_IgG4"
"357","IPV2_IgG4","DT_IgG3"
"358","IPV2_IgG4","FIM_IgG3"
"359","IPV2_IgG4","IPV2_IgG1"
"360","IPV2_IgG4","FHA_IgG4"
"361","IPV2_IgG4","TT_IgG"
"362","IPV2_IgG4","DT_IgG4"
"363","IPV2_IgG4","IPV3_IgG4"
"364","IPV2_IgG4","IPV2_FcgR3b"
"365","IPV2_IgG4","IPV3_IgG1"
"366","IPV2_IgG4","PT_ADCP"
"367","IPV2_IgG4","IPV3_IgG3"
"368","IPV2_IgG4","IPV2_IgG3"
"369","IPV2_IgG4","PT_IgG"
"370","PT_FcgR3b","IPV2_ADCD"
"371","PT_FcgR3b","TT_IgG4"
"372","PT_FcgR3b","TT_IgG2"
"373","PT_FcgR3b","IPV1_FcgR3b"
"374","PT_FcgR3b","FHA_FcgR3b"
"375","PT_FcgR3b","TT_FcgR3b"
"376","PT_FcgR3b","PRN_IgG"
"377","PT_FcgR3b","IPV3_FcgR3b"
"378","PT_FcgR3b","PT_IgG2"
"379","PT_FcgR3b","ACT_FcgR3b"
"380","PT_FcgR3b","FIM_FcgR3b"
"381","PT_FcgR3b","DT_ADCD"
"382","PT_FcgR3b","PT_IgG4"
"383","PT_FcgR3b","PRN_IgG4"
"384","PT_FcgR3b","IPV2_FcgR2a"
"385","PT_FcgR3b","PRN_ADCD"
"386","PT_FcgR3b","IPV1_FcgR2a"
"387","PT_FcgR3b","TT_IgG1"
"388","PT_FcgR3b","DT_IgG3"
"389","PT_FcgR3b","FHA_IgG1"
"390","PT_FcgR3b","FHA_ADCD"
"391","PT_FcgR3b","TT_FcgR2a"
"392","PT_FcgR3b","PT_IgG1"
"393","PT_FcgR3b","PT_IgG3"
"394","PT_FcgR3b","FIM_IgG3"
"395","PT_FcgR3b","IPV2_IgG1"
"396","PT_FcgR3b","PRN_FcgR3b"
"397","PT_FcgR3b","FHA_IgG4"
"398","PT_FcgR3b","TT_ADCP"
"399","PT_FcgR3b","TT_IgG"
"400","PT_FcgR3b","PT_ADNP"
"401","PT_FcgR3b","FHA_IgG2"
"402","PT_FcgR3b","FHA_IgG3"
"403","PT_FcgR3b","IPV2_FcgR3b"
"404","PT_FcgR3b","IPV1_IgG1"
"405","PT_FcgR3b","PT_ADCP"
"406","PT_FcgR3b","DT_IgG1"
"407","PT_FcgR3b","PRN_ADCP"
"408","PT_FcgR3b","PT_IgG"
"409","PT_FcgR3b","PT_ADCD"
"410","IPV2_ADCD","PT_IgG2"
"411","IPV2_ADCD","IPV1_ADCD"
"412","IPV2_ADCD","FIM_FcgR3b"
"413","IPV2_ADCD","DT_ADCD"
"414","IPV2_ADCD","PRN_ADCD"
"415","IPV2_ADCD","FHA_ADCD"
"416","IPV2_ADCD","IPV2_IgG1"
"417","IPV2_ADCD","ACT_ADCD"
"418","IPV2_ADCD","IPV1_IgG1"
"419","IPV2_ADCD","PT_ADCD"
"420","FIM_IgG","TT_IgG4"
"421","FIM_IgG","PRN_IgG3"
"422","FIM_IgG","PRN_IgG"
"423","FIM_IgG","DT_ADCP"
"424","FIM_IgG","IPV3_FcgR3b"
"425","FIM_IgG","PT_IgG2"
"426","FIM_IgG","FIM_IgG1"
"427","FIM_IgG","FIM_FcgR3b"
"428","FIM_IgG","IPV2_FcgR2a"
"429","FIM_IgG","IPV1_FcgR2a"
"430","FIM_IgG","FHA_IgG1"
"431","FIM_IgG","FHA_ADCD"
"432","FIM_IgG","PT_IgG1"
"433","FIM_IgG","FIM_FcgR2a"
"434","FIM_IgG","FIM_IgG3"
"435","FIM_IgG","FIM_IgG2"
"436","FIM_IgG","TT_IgG"
"437","FIM_IgG","FHA_IgG2"
"438","FIM_IgG","FHA_IgG3"
"439","FIM_IgG","PRN_IgG2"
"440","FIM_IgG","IPV2_IgG3"
"441","FIM_IgG","PRN_ADCP"
"442","FIM_IgG","PT_IgG"
"443","FIM_IgG","PT_ADCD"
"444","TT_IgG4","TT_IgG2"
"445","TT_IgG4","IPV1_FcgR3b"
"446","TT_IgG4","FIM_ADCD"
"447","TT_IgG4","FHA_FcgR3b"
"448","TT_IgG4","TT_FcgR3b"
"449","TT_IgG4","PT_IgG2"
"450","TT_IgG4","ACT_FcgR3b"
"451","TT_IgG4","FIM_FcgR3b"
"452","TT_IgG4","DT_ADCD"
"453","TT_IgG4","PT_IgG4"
"454","TT_IgG4","PRN_IgG4"
"455","TT_IgG4","IPV2_FcgR2a"
"456","TT_IgG4","TT_IgG1"
"457","TT_IgG4","FHA_ADCD"
"458","TT_IgG4","DT_ADNP"
"459","TT_IgG4","PT_IgG1"
"460","TT_IgG4","FIM_FcgR2a"
"461","TT_IgG4","FIM_IgG3"
"462","TT_IgG4","ACT_IgG4"
"463","TT_IgG4","DT_IgG2"
"464","TT_IgG4","FHA_IgG4"
"465","TT_IgG4","FIM_IgG2"
"466","TT_IgG4","TT_ADCP"
"467","TT_IgG4","TT_IgG"
"468","TT_IgG4","ACT_ADCD"
"469","TT_IgG4","DT_IgG4"
"470","TT_IgG4","FHA_IgG3"
"471","TT_IgG4","IPV2_FcgR3b"
"472","TT_IgG4","IPV3_IgG1"
"473","TT_IgG4","ACT_IgG3"
"474","TT_IgG4","DT_IgG1"
"475","TT_IgG4","PT_IgG"
"476","FHA_FcgR2a","FHA_FcgR3b"
"477","FHA_FcgR2a","PRN_IgG3"
"478","FHA_FcgR2a","PRN_IgG"
"479","FHA_FcgR2a","ACT_IgG1"
"480","FHA_FcgR2a","FIM_IgG1"
"481","FHA_FcgR2a","ACT_FcgR3b"
"482","FHA_FcgR2a","FIM_FcgR3b"
"483","FHA_FcgR2a","IPV2_FcgR2a"
"484","FHA_FcgR2a","IPV1_FcgR2a"
"485","FHA_FcgR2a","TT_IgG1"
"486","FHA_FcgR2a","FHA_IgG1"
"487","FHA_FcgR2a","FHA_ADCD"
"488","FHA_FcgR2a","TT_FcgR2a"
"489","FHA_FcgR2a","FIM_FcgR2a"
"490","FHA_FcgR2a","PT_IgG3"
"491","FHA_FcgR2a","IPV2_IgG1"
"492","FHA_FcgR2a","PRN_FcgR3b"
"493","FHA_FcgR2a","FIM_IgG2"
"494","FHA_FcgR2a","ACT_IgG2"
"495","FHA_FcgR2a","PT_ADNP"
"496","FHA_FcgR2a","FHA_IgG2"
"497","FHA_FcgR2a","FHA_IgG3"
"498","FHA_FcgR2a","IPV2_FcgR3b"
"499","FHA_FcgR2a","IPV3_IgG1"
"500","FHA_FcgR2a","PT_ADCP"
"501","FHA_FcgR2a","PRN_IgG1"
"502","FHA_FcgR2a","ACT_IgG3"
"503","FHA_FcgR2a","PT_IgG"
"504","TT_IgG2","FIM_ADCD"
"505","TT_IgG2","IPV3_FcgR3b"
"506","TT_IgG2","PT_IgG2"
"507","TT_IgG2","ACT_IgG1"
"508","TT_IgG2","IPV1_ADCD"
"509","TT_IgG2","FIM_FcgR3b"
"510","TT_IgG2","PRN_ADCD"
"511","TT_IgG2","TT_IgG1"
"512","TT_IgG2","DT_IgG3"
"513","TT_IgG2","TT_FcgR2a"
"514","TT_IgG2","FIM_FcgR2a"
"515","TT_IgG2","FIM_IgG3"
"516","TT_IgG2","PRN_FcgR3b"
"517","TT_IgG2","DT_IgG2"
"518","TT_IgG2","FIM_IgG2"
"519","TT_IgG2","TT_ADCP"
"520","TT_IgG2","TT_IgG"
"521","TT_IgG2","DT_IgG4"
"522","TT_IgG2","FHA_IgG2"
"523","TT_IgG2","IPV3_IgG3"
"524","TT_IgG2","PRN_IgG2"
"525","TT_IgG2","ACT_IgG3"
"526","IPV1_FcgR3b","FHA_FcgR3b"
"527","IPV1_FcgR3b","TT_FcgR3b"
"528","IPV1_FcgR3b","PRN_IgG"
"529","IPV1_FcgR3b","IPV3_FcgR3b"
"530","IPV1_FcgR3b","FIM_FcgR3b"
"531","IPV1_FcgR3b","PT_IgG4"
"532","IPV1_FcgR3b","PRN_ADCD"
"533","IPV1_FcgR3b","IPV1_FcgR2a"
"534","IPV1_FcgR3b","DT_IgG3"
"535","IPV1_FcgR3b","TT_FcgR2a"
"536","IPV1_FcgR3b","PT_IgG1"
"537","IPV1_FcgR3b","FIM_FcgR2a"
"538","IPV1_FcgR3b","FHA_IgG4"
"539","IPV1_FcgR3b","TT_ADCP"
"540","IPV1_FcgR3b","DT_IgG4"
"541","IPV1_FcgR3b","IPV3_IgG4"
"542","IPV1_FcgR3b","FHA_IgG3"
"543","IPV1_FcgR3b","IPV2_FcgR3b"
"544","IPV1_FcgR3b","IPV1_IgG1"
"545","IPV1_FcgR3b","PT_ADCP"
"546","IPV1_FcgR3b","PRN_IgG1"
"547","IPV1_FcgR3b","DT_IgG1"
"548","IPV1_FcgR3b","PRN_ADCP"
"549","IPV1_FcgR3b","PT_ADCD"
"550","FIM_ADCD","FHA_FcgR3b"
"551","FIM_ADCD","PT_IgG2"
"552","FIM_ADCD","FIM_IgG1"
"553","FIM_ADCD","IPV1_ADCD"
"554","FIM_ADCD","FIM_FcgR3b"
"555","FIM_ADCD","IPV2_FcgR2a"
"556","FIM_ADCD","PRN_ADCD"
"557","FIM_ADCD","IPV1_FcgR2a"
"558","FIM_ADCD","TT_IgG1"
"559","FIM_ADCD","FHA_ADCD"
"560","FIM_ADCD","FIM_FcgR2a"
"561","FIM_ADCD","FIM_IgG3"
"562","FIM_ADCD","PRN_FcgR3b"
"563","FIM_ADCD","FHA_IgG4"
"564","FIM_ADCD","FIM_IgG2"
"565","FIM_ADCD","ACT_ADCD"
"566","FIM_ADCD","FHA_IgG2"
"567","FIM_ADCD","IPV2_FcgR3b"
"568","FIM_ADCD","ACT_IgG3"
"569","FIM_ADCD","IPV2_IgG3"
"570","FIM_ADCD","PT_ADCD"
"571","FHA_FcgR3b","TT_FcgR3b"
"572","FHA_FcgR3b","PRN_IgG"
"573","FHA_FcgR3b","IPV3_FcgR3b"
"574","FHA_FcgR3b","PT_IgG2"
"575","FHA_FcgR3b","FIM_IgG1"
"576","FHA_FcgR3b","ACT_FcgR3b"
"577","FHA_FcgR3b","FIM_FcgR3b"
"578","FHA_FcgR3b","PT_IgG4"
"579","FHA_FcgR3b","IPV2_FcgR2a"
"580","FHA_FcgR3b","FHA_IgG1"
"581","FHA_FcgR3b","FHA_ADCD"
"582","FHA_FcgR3b","TT_FcgR2a"
"583","FHA_FcgR3b","PT_IgG1"
"584","FHA_FcgR3b","PT_IgG3"
"585","FHA_FcgR3b","IPV2_IgG1"
"586","FHA_FcgR3b","PRN_FcgR3b"
"587","FHA_FcgR3b","FHA_IgG4"
"588","FHA_FcgR3b","TT_IgG"
"589","FHA_FcgR3b","DT_IgG4"
"590","FHA_FcgR3b","FHA_IgG2"
"591","FHA_FcgR3b","FHA_IgG3"
"592","FHA_FcgR3b","IPV2_FcgR3b"
"593","FHA_FcgR3b","IPV1_IgG1"
"594","FHA_FcgR3b","IPV3_IgG3"
"595","FHA_FcgR3b","DT_IgG1"
"596","FHA_FcgR3b","PT_IgG"
"597","FHA_FcgR3b","PT_ADCD"
"598","TT_FcgR3b","DT_ADCP"
"599","TT_FcgR3b","IPV3_FcgR3b"
"600","TT_FcgR3b","PT_IgG2"
"601","TT_FcgR3b","FIM_IgG1"
"602","TT_FcgR3b","FIM_FcgR3b"
"603","TT_FcgR3b","DT_ADCD"
"604","TT_FcgR3b","IPV2_FcgR2a"
"605","TT_FcgR3b","PRN_ADCD"
"606","TT_FcgR3b","TT_IgG1"
"607","TT_FcgR3b","DT_IgG3"
"608","TT_FcgR3b","FHA_IgG1"
"609","TT_FcgR3b","TT_FcgR2a"
"610","TT_FcgR3b","DT_ADNP"
"611","TT_FcgR3b","PT_IgG1"
"612","TT_FcgR3b","IPV2_IgG1"
"613","TT_FcgR3b","PRN_FcgR3b"
"614","TT_FcgR3b","FHA_IgG4"
"615","TT_FcgR3b","TT_ADCP"
"616","TT_FcgR3b","TT_IgG"
"617","TT_FcgR3b","ACT_IgG2"
"618","TT_FcgR3b","DT_IgG4"
"619","TT_FcgR3b","IPV3_IgG4"
"620","TT_FcgR3b","FHA_IgG2"
"621","TT_FcgR3b","FHA_IgG3"
"622","TT_FcgR3b","IPV2_FcgR3b"
"623","TT_FcgR3b","IPV3_IgG1"
"624","TT_FcgR3b","IPV1_IgG1"
"625","TT_FcgR3b","PT_ADCP"
"626","TT_FcgR3b","IPV3_IgG3"
"627","TT_FcgR3b","PRN_IgG1"
"628","TT_FcgR3b","DT_IgG1"
"629","TT_FcgR3b","PRN_ADCP"
"630","TT_FcgR3b","PT_IgG"
"631","PRN_IgG3","PRN_IgG"
"632","PRN_IgG3","FIM_FcgR3b"
"633","PRN_IgG3","PRN_IgG4"
"634","PRN_IgG3","DT_IgG3"
"635","PRN_IgG3","FIM_FcgR2a"
"636","PRN_IgG3","PT_IgG3"
"637","PRN_IgG3","FIM_IgG3"
"638","PRN_IgG3","IPV2_IgG1"
"639","PRN_IgG3","PRN_FcgR3b"
"640","PRN_IgG3","FHA_IgG2"
"641","PRN_IgG3","FHA_IgG3"
"642","PRN_IgG3","IPV2_FcgR3b"
"643","PRN_IgG3","IPV3_IgG3"
"644","PRN_IgG3","ACT_IgG3"
"645","PRN_IgG3","PT_IgG"
"646","PRN_IgG","ACT_IgG1"
"647","PRN_IgG","FIM_IgG1"
"648","PRN_IgG","ACT_FcgR3b"
"649","PRN_IgG","FIM_FcgR3b"
"650","PRN_IgG","PT_IgG4"
"651","PRN_IgG","PRN_IgG4"
"652","PRN_IgG","PRN_ADCD"
"653","PRN_IgG","DT_IgG"
"654","PRN_IgG","DT_IgG3"
"655","PRN_IgG","FHA_IgG1"
"656","PRN_IgG","TT_FcgR2a"
"657","PRN_IgG","PT_IgG1"
"658","PRN_IgG","FIM_FcgR2a"
"659","PRN_IgG","FIM_IgG3"
"660","PRN_IgG","TT_IgG"
"661","PRN_IgG","ACT_ADCD"
"662","PRN_IgG","DT_IgG4"
"663","PRN_IgG","FHA_IgG3"
"664","PRN_IgG","IPV2_FcgR3b"
"665","PRN_IgG","PRN_IgG2"
"666","PRN_IgG","PRN_IgG1"
"667","PRN_IgG","IPV2_IgG3"
"668","PRN_IgG","PT_IgG"
"669","PRN_IgG","PT_ADCD"
"670","DT_ADCP","FIM_IgG1"
"671","DT_ADCP","FIM_FcgR3b"
"672","DT_ADCP","DT_ADNP"
"673","DT_ADCP","PT_IgG1"
"674","DT_ADCP","TT_ADCP"
"675","DT_ADCP","PT_ADNP"
"676","DT_ADCP","PT_ADCP"
"677","DT_ADCP","PRN_ADCP"
"678","IPV3_FcgR3b","PT_IgG2"
"679","IPV3_FcgR3b","ACT_FcgR3b"
"680","IPV3_FcgR3b","FIM_FcgR3b"
"681","IPV3_FcgR3b","DT_ADCD"
"682","IPV3_FcgR3b","IPV2_FcgR2a"
"683","IPV3_FcgR3b","TT_IgG1"
"684","IPV3_FcgR3b","PT_IgG1"
"685","IPV3_FcgR3b","FIM_FcgR2a"
"686","IPV3_FcgR3b","IPV2_IgG1"
"687","IPV3_FcgR3b","FHA_IgG4"
"688","IPV3_FcgR3b","ACT_IgG2"
"689","IPV3_FcgR3b","DT_IgG4"
"690","IPV3_FcgR3b","IPV2_FcgR3b"
"691","IPV3_FcgR3b","IPV3_IgG1"
"692","IPV3_FcgR3b","IPV1_IgG1"
"693","IPV3_FcgR3b","PT_ADCP"
"694","IPV3_FcgR3b","IPV3_IgG3"
"695","IPV3_FcgR3b","PRN_IgG1"
"696","IPV3_FcgR3b","IPV2_IgG3"
"697","IPV3_FcgR3b","DT_IgG1"
"698","IPV3_FcgR3b","PT_ADCD"
"699","PT_IgG2","IPV1_ADCD"
"700","PT_IgG2","FIM_FcgR3b"
"701","PT_IgG2","DT_IgG3"
"702","PT_IgG2","TT_FcgR2a"
"703","PT_IgG2","PT_IgG1"
"704","PT_IgG2","PT_IgG3"
"705","PT_IgG2","FIM_IgG3"
"706","PT_IgG2","PRN_FcgR3b"
"707","PT_IgG2","DT_IgG2"
"708","PT_IgG2","DT_IgG4"
"709","PT_IgG2","FHA_IgG2"
"710","PT_IgG2","FHA_IgG3"
"711","PT_IgG2","IPV2_FcgR3b"
"712","PT_IgG2","PT_ADCP"
"713","PT_IgG2","PRN_IgG2"
"714","PT_IgG2","IPV2_IgG3"
"715","PT_IgG2","PT_IgG"
"716","ACT_IgG1","FIM_IgG1"
"717","ACT_IgG1","ACT_FcgR3b"
"718","ACT_IgG1","FIM_FcgR3b"
"719","ACT_IgG1","DT_ADCD"
"720","ACT_IgG1","PT_IgG4"
"721","ACT_IgG1","PRN_ADCD"
"722","ACT_IgG1","IPV1_FcgR2a"
"723","ACT_IgG1","TT_IgG1"
"724","ACT_IgG1","DT_IgG3"
"725","ACT_IgG1","FHA_IgG1"
"726","ACT_IgG1","PT_IgG1"
"727","ACT_IgG1","PT_IgG3"
"728","ACT_IgG1","FIM_IgG3"
"729","ACT_IgG1","IPV2_IgG1"
"730","ACT_IgG1","PRN_FcgR3b"
"731","ACT_IgG1","DT_IgG2"
"732","ACT_IgG1","ACT_IgG2"
"733","ACT_IgG1","ACT_ADCD"
"734","ACT_IgG1","DT_IgG4"
"735","ACT_IgG1","FHA_IgG3"
"736","ACT_IgG1","IPV3_IgG1"
"737","ACT_IgG1","IPV3_IgG3"
"738","ACT_IgG1","ACT_IgG3"
"739","ACT_IgG1","IPV2_IgG3"
"740","FIM_IgG1","ACT_FcgR3b"
"741","FIM_IgG1","FIM_FcgR3b"
"742","FIM_IgG1","PT_IgG4"
"743","FIM_IgG1","PRN_IgG4"
"744","FIM_IgG1","IPV2_FcgR2a"
"745","FIM_IgG1","IPV1_FcgR2a"
"746","FIM_IgG1","TT_IgG1"
"747","FIM_IgG1","FHA_IgG1"
"748","FIM_IgG1","FHA_ADCD"
"749","FIM_IgG1","PT_IgG1"
"750","FIM_IgG1","FIM_FcgR2a"
"751","FIM_IgG1","FIM_IgG3"
"752","FIM_IgG1","DT_IgG2"
"753","FIM_IgG1","FHA_IgG4"
"754","FIM_IgG1","FIM_IgG2"
"755","FIM_IgG1","ACT_ADCD"
"756","FIM_IgG1","DT_IgG4"
"757","FIM_IgG1","IPV3_IgG4"
"758","FIM_IgG1","FHA_IgG3"
"759","FIM_IgG1","PRN_IgG1"
"760","FIM_IgG1","ACT_IgG3"
"761","FIM_IgG1","DT_IgG1"
"762","FIM_IgG1","PT_IgG"
"763","ACT_FcgR3b","IPV1_FcgR2a"
"764","ACT_FcgR3b","TT_IgG1"
"765","ACT_FcgR3b","FHA_ADCD"
"766","ACT_FcgR3b","FIM_FcgR2a"
"767","ACT_FcgR3b","PRN_FcgR3b"
"768","ACT_FcgR3b","DT_IgG2"
"769","ACT_FcgR3b","DT_IgG4"
"770","ACT_FcgR3b","PT_ADCP"
"771","IPV1_ADCD","FIM_FcgR3b"
"772","IPV1_ADCD","PRN_ADCD"
"773","IPV1_ADCD","IPV1_FcgR2a"
"774","IPV1_ADCD","TT_IgG1"
"775","IPV1_ADCD","FHA_ADCD"
"776","IPV1_ADCD","FIM_FcgR2a"
"777","IPV1_ADCD","FHA_IgG4"
"778","IPV1_ADCD","ACT_ADCD"
"779","IPV1_ADCD","IPV3_IgG1"
"780","IPV1_ADCD","IPV1_IgG1"
"781","IPV1_ADCD","IPV3_IgG3"
"782","IPV1_ADCD","PT_ADCD"
"783","FIM_FcgR3b","PT_IgG4"
"784","FIM_FcgR3b","PRN_IgG4"
"785","FIM_FcgR3b","IPV2_FcgR2a"
"786","FIM_FcgR3b","TT_IgG1"
"787","FIM_FcgR3b","FHA_ADCD"
"788","FIM_FcgR3b","TT_FcgR2a"
"789","FIM_FcgR3b","FIM_FcgR2a"
"790","FIM_FcgR3b","PT_IgG3"
"791","FIM_FcgR3b","FIM_IgG3"
"792","FIM_FcgR3b","IPV2_IgG1"
"793","FIM_FcgR3b","PRN_FcgR3b"
"794","FIM_FcgR3b","DT_IgG2"
"795","FIM_FcgR3b","FIM_IgG2"
"796","FIM_FcgR3b","DT_IgG4"
"797","FIM_FcgR3b","PT_ADNP"
"798","FIM_FcgR3b","IPV3_IgG4"
"799","FIM_FcgR3b","FHA_IgG2"
"800","FIM_FcgR3b","IPV2_FcgR3b"
"801","FIM_FcgR3b","ACT_IgG3"
"802","FIM_FcgR3b","IPV2_IgG3"
"803","FIM_FcgR3b","DT_IgG1"
"804","FIM_FcgR3b","PT_IgG"
"805","DT_ADCD","PRN_ADCD"
"806","DT_ADCD","FHA_ADCD"
"807","DT_ADCD","ACT_IgG3"
"808","DT_ADCD","PT_ADCD"
"809","PT_IgG4","PRN_IgG4"
"810","PT_IgG4","DT_IgG3"
"811","PT_IgG4","FHA_IgG1"
"812","PT_IgG4","FHA_ADCD"
"813","PT_IgG4","FIM_FcgR2a"
"814","PT_IgG4","PT_IgG3"
"815","PT_IgG4","FIM_IgG3"
"816","PT_IgG4","PRN_FcgR3b"
"817","PT_IgG4","FHA_IgG4"
"818","PT_IgG4","FIM_IgG2"
"819","PT_IgG4","TT_ADCP"
"820","PT_IgG4","ACT_ADCD"
"821","PT_IgG4","DT_IgG4"
"822","PT_IgG4","PT_ADNP"
"823","PT_IgG4","IPV3_IgG4"
"824","PT_IgG4","FHA_IgG2"
"825","PT_IgG4","IPV2_FcgR3b"
"826","PT_IgG4","IPV3_IgG1"
"827","PT_IgG4","PT_IgG"
"828","PT_IgG4","PT_ADCD"
"829","PRN_IgG4","PT_IgG3"
"830","PRN_IgG4","PRN_FcgR3b"
"831","PRN_IgG4","FHA_IgG4"
"832","PRN_IgG4","DT_IgG4"
"833","PRN_IgG4","FHA_IgG3"
"834","PRN_IgG4","IPV2_IgG3"
"835","IPV2_FcgR2a","IPV1_FcgR2a"
"836","IPV2_FcgR2a","FHA_IgG1"
"837","IPV2_FcgR2a","FIM_FcgR2a"
"838","IPV2_FcgR2a","IPV2_IgG1"
"839","IPV2_FcgR2a","PRN_FcgR3b"
"840","IPV2_FcgR2a","DT_IgG4"
"841","IPV2_FcgR2a","IPV2_FcgR3b"
"842","IPV2_FcgR2a","IPV3_IgG3"
"843","IPV2_FcgR2a","ACT_IgG3"
"844","IPV2_FcgR2a","IPV2_IgG3"
"845","PRN_ADCD","FHA_ADCD"
"846","PRN_ADCD","DT_ADNP"
"847","PRN_ADCD","IPV2_IgG1"
"848","PRN_ADCD","ACT_ADCD"
"849","PRN_ADCD","DT_IgG4"
"850","PRN_ADCD","IPV3_IgG1"
"851","PRN_ADCD","IPV1_IgG1"
"852","PRN_ADCD","ACT_IgG3"
"853","PRN_ADCD","PT_IgG"
"854","PRN_ADCD","PT_ADCD"
"855","DT_IgG","TT_IgG"
"856","DT_IgG","DT_IgG1"
"857","DT_IgG","PT_IgG"
"858","IPV1_FcgR2a","TT_IgG1"
"859","IPV1_FcgR2a","DT_IgG3"
"860","IPV1_FcgR2a","FHA_ADCD"
"861","IPV1_FcgR2a","TT_FcgR2a"
"862","IPV1_FcgR2a","IPV3_IgG4"
"863","IPV1_FcgR2a","IPV2_FcgR3b"
"864","IPV1_FcgR2a","IPV1_IgG1"
"865","IPV1_FcgR2a","IPV3_IgG3"
"866","IPV1_FcgR2a","PRN_IgG2"
"867","IPV1_FcgR2a","IPV2_IgG3"
"868","IPV1_FcgR2a","PT_IgG"
"869","IPV1_FcgR2a","PT_ADCD"
"870","TT_IgG1","TT_FcgR2a"
"871","TT_IgG1","PT_IgG1"
"872","TT_IgG1","IPV2_IgG1"
"873","TT_IgG1","PRN_FcgR3b"
"874","TT_IgG1","TT_ADCP"
"875","TT_IgG1","TT_IgG"
"876","TT_IgG1","PT_ADNP"
"877","TT_IgG1","IPV3_IgG1"
"878","TT_IgG1","IPV1_IgG1"
"879","TT_IgG1","PT_ADCP"
"880","TT_IgG1","PRN_IgG1"
"881","TT_IgG1","DT_IgG1"
"882","TT_IgG1","PT_ADCD"
"883","DT_IgG3","PT_IgG1"
"884","DT_IgG3","PT_IgG3"
"885","DT_IgG3","FIM_IgG3"
"886","DT_IgG3","IPV2_IgG1"
"887","DT_IgG3","DT_IgG2"
"888","DT_IgG3","FHA_IgG4"
"889","DT_IgG3","TT_ADCP"
"890","DT_IgG3","DT_IgG4"
"891","DT_IgG3","PT_ADNP"
"892","DT_IgG3","FHA_IgG3"
"893","DT_IgG3","IPV1_IgG1"
"894","DT_IgG3","ACT_IgG3"
"895","DT_IgG3","DT_IgG1"
"896","FHA_IgG1","FHA_ADCD"
"897","FHA_IgG1","TT_FcgR2a"
"898","FHA_IgG1","PT_IgG1"
"899","FHA_IgG1","FIM_FcgR2a"
"900","FHA_IgG1","PT_IgG3"
"901","FHA_IgG1","IPV2_IgG1"
"902","FHA_IgG1","PRN_FcgR3b"
"903","FHA_IgG1","TT_IgG"
"904","FHA_IgG1","DT_IgG4"
"905","FHA_IgG1","FHA_IgG2"
"906","FHA_IgG1","FHA_IgG3"
"907","FHA_IgG1","IPV2_FcgR3b"
"908","FHA_IgG1","IPV1_IgG1"
"909","FHA_IgG1","PRN_IgG1"
"910","FHA_IgG1","IPV2_IgG3"
"911","FHA_IgG1","DT_IgG1"
"912","FHA_IgG1","PT_IgG"
"913","FHA_ADCD","TT_FcgR2a"
"914","FHA_ADCD","PT_IgG3"
"915","FHA_ADCD","PRN_FcgR3b"
"916","FHA_ADCD","FHA_IgG4"
"917","FHA_ADCD","ACT_ADCD"
"918","FHA_ADCD","IPV3_IgG4"
"919","FHA_ADCD","FHA_IgG2"
"920","FHA_ADCD","FHA_IgG3"
"921","FHA_ADCD","IPV2_FcgR3b"
"922","FHA_ADCD","IPV3_IgG1"
"923","FHA_ADCD","IPV1_IgG1"
"924","FHA_ADCD","PT_ADCP"
"925","FHA_ADCD","ACT_IgG3"
"926","FHA_ADCD","PT_IgG"
"927","FHA_ADCD","PT_ADCD"
"928","TT_FcgR2a","DT_ADNP"
"929","TT_FcgR2a","FIM_FcgR2a"
"930","TT_FcgR2a","PT_IgG3"
"931","TT_FcgR2a","IPV2_IgG1"
"932","TT_FcgR2a","TT_ADCP"
"933","TT_FcgR2a","DT_IgG4"
"934","TT_FcgR2a","PT_ADNP"
"935","TT_FcgR2a","IPV3_IgG4"
"936","TT_FcgR2a","FHA_IgG2"
"937","TT_FcgR2a","DT_IgG1"
"938","TT_FcgR2a","PT_IgG"
"939","DT_ADNP","PT_IgG1"
"940","DT_ADNP","FHA_IgG4"
"941","DT_ADNP","TT_ADCP"
"942","DT_ADNP","PT_ADNP"
"943","DT_ADNP","PRN_ADCP"
"944","DT_ADNP","PT_ADCD"
"945","PT_IgG1","PT_IgG3"
"946","PT_IgG1","IPV2_IgG1"
"947","PT_IgG1","PRN_FcgR3b"
"948","PT_IgG1","DT_IgG2"
"949","PT_IgG1","IPV2_FcgR3b"
"950","PT_IgG1","IPV3_IgG1"
"951","PT_IgG1","IPV1_IgG1"
"952","PT_IgG1","PT_ADCP"
"953","PT_IgG1","IPV3_IgG3"
"954","PT_IgG1","PRN_IgG1"
"955","PT_IgG1","DT_IgG1"
"956","PT_IgG1","PT_IgG"
"957","PT_IgG1","PT_ADCD"
"958","FIM_FcgR2a","PT_IgG3"
"959","FIM_FcgR2a","FIM_IgG3"
"960","FIM_FcgR2a","IPV2_IgG1"
"961","FIM_FcgR2a","DT_IgG2"
"962","FIM_FcgR2a","FIM_IgG2"
"963","FIM_FcgR2a","TT_IgG"
"964","FIM_FcgR2a","ACT_IgG2"
"965","FIM_FcgR2a","ACT_ADCD"
"966","FIM_FcgR2a","DT_IgG4"
"967","FIM_FcgR2a","PT_ADCP"
"968","FIM_FcgR2a","IPV3_IgG3"
"969","FIM_FcgR2a","ACT_IgG3"
"970","FIM_FcgR2a","PRN_ADCP"
"971","FIM_FcgR2a","PT_IgG"
"972","PT_IgG3","FIM_IgG3"
"973","PT_IgG3","FHA_IgG4"
"974","PT_IgG3","IPV3_IgG4"
"975","PT_IgG3","FHA_IgG2"
"976","PT_IgG3","FHA_IgG3"
"977","PT_IgG3","IPV3_IgG3"
"978","PT_IgG3","ACT_IgG3"
"979","PT_IgG3","IPV2_IgG3"
"980","FIM_IgG3","IPV2_IgG1"
"981","FIM_IgG3","FHA_IgG4"
"982","FIM_IgG3","FIM_IgG2"
"983","FIM_IgG3","TT_ADCP"
"984","FIM_IgG3","PT_ADNP"
"985","FIM_IgG3","IPV3_IgG4"
"986","FIM_IgG3","IPV2_FcgR3b"
"987","FIM_IgG3","IPV2_IgG3"
"988","FIM_IgG3","DT_IgG1"
"989","ACT_IgG4","FHA_IgG4"
"990","ACT_IgG4","ACT_IgG2"
"991","ACT_IgG4","DT_IgG4"
"992","ACT_IgG4","ACT_IgG3"
"993","IPV2_IgG1","PRN_FcgR3b"
"994","IPV2_IgG1","FHA_IgG4"
"995","IPV2_IgG1","ACT_ADCD"
"996","IPV2_IgG1","IPV3_IgG4"
"997","IPV2_IgG1","IPV2_FcgR3b"
"998","IPV2_IgG1","IPV3_IgG1"
"999","IPV2_IgG1","IPV1_IgG1"
"1000","IPV2_IgG1","IPV3_IgG3"
"1001","IPV2_IgG1","PRN_IgG1"
"1002","IPV2_IgG1","IPV2_IgG3"
"1003","IPV2_IgG1","DT_IgG1"
"1004","PRN_FcgR3b","DT_IgG2"
"1005","PRN_FcgR3b","FHA_IgG4"
"1006","PRN_FcgR3b","TT_ADCP"
"1007","PRN_FcgR3b","FHA_IgG2"
"1008","PRN_FcgR3b","FHA_IgG3"
"1009","PRN_FcgR3b","IPV2_FcgR3b"
"1010","PRN_FcgR3b","PRN_IgG1"
"1011","PRN_FcgR3b","IPV2_IgG3"
"1012","PRN_FcgR3b","DT_IgG1"
"1013","PRN_FcgR3b","PT_IgG"
"1014","DT_IgG2","DT_IgG4"
"1015","DT_IgG2","IPV3_IgG4"
"1016","DT_IgG2","FHA_IgG2"
"1017","DT_IgG2","PRN_IgG2"
"1018","DT_IgG2","IPV2_IgG3"
"1019","DT_IgG2","DT_IgG1"
"1020","FHA_IgG4","ACT_ADCD"
"1021","FHA_IgG4","DT_IgG4"
"1022","FHA_IgG4","FHA_IgG2"
"1023","FHA_IgG4","FHA_IgG3"
"1024","FHA_IgG4","IPV3_IgG2"
"1025","FHA_IgG4","IPV1_IgG1"
"1026","FHA_IgG4","PRN_IgG2"
"1027","FHA_IgG4","PRN_IgG1"
"1028","FHA_IgG4","ACT_IgG3"
"1029","FIM_IgG2","DT_IgG4"
"1030","FIM_IgG2","IPV3_IgG4"
"1031","FIM_IgG2","FHA_IgG2"
"1032","FIM_IgG2","IPV2_FcgR3b"
"1033","FIM_IgG2","IPV3_IgG1"
"1034","FIM_IgG2","IPV2_IgG3"
"1035","TT_ADCP","TT_IgG"
"1036","TT_ADCP","PT_ADNP"
"1037","TT_ADCP","PT_ADCP"
"1038","TT_ADCP","PRN_ADCP"
"1039","TT_IgG","IPV2_FcgR3b"
"1040","TT_IgG","PT_IgG"
"1041","ACT_IgG2","FHA_IgG2"
"1042","ACT_IgG2","ACT_IgG3"
"1043","ACT_IgG2","PT_IgG"
"1044","ACT_ADCD","DT_IgG4"
"1045","ACT_ADCD","IPV3_IgG1"
"1046","ACT_ADCD","IPV1_IgG1"
"1047","ACT_ADCD","DT_IgG1"
"1048","ACT_ADCD","PT_IgG"
"1049","DT_IgG4","PT_ADNP"
"1050","DT_IgG4","FHA_IgG3"
"1051","DT_IgG4","IPV3_IgG3"
"1052","DT_IgG4","PRN_IgG2"
"1053","DT_IgG4","PRN_IgG1"
"1054","DT_IgG4","PRN_ADCP"
"1055","DT_IgG4","PT_IgG"
"1056","PT_ADNP","FHA_IgG3"
"1057","PT_ADNP","IPV2_FcgR3b"
"1058","PT_ADNP","PT_ADCP"
"1059","PT_ADNP","PRN_ADCP"
"1060","PT_ADNP","PT_IgG"
"1061","IPV3_IgG4","FHA_IgG3"
"1062","IPV3_IgG4","IPV3_IgG3"
"1063","IPV3_IgG4","DT_IgG1"
"1064","FHA_IgG2","IPV2_FcgR3b"
"1065","FHA_IgG2","IPV3_IgG3"
"1066","FHA_IgG2","PRN_IgG2"
"1067","FHA_IgG2","IPV2_IgG3"
"1068","FHA_IgG2","PT_IgG"
"1069","FHA_IgG3","IPV3_IgG1"
"1070","FHA_IgG3","IPV1_IgG1"
"1071","FHA_IgG3","IPV3_IgG3"
"1072","FHA_IgG3","ACT_IgG3"
"1073","FHA_IgG3","IPV2_IgG3"
"1074","FHA_IgG3","PT_IgG"
"1075","IPV2_FcgR3b","IPV3_IgG1"
"1076","IPV2_FcgR3b","IPV1_IgG1"
"1077","IPV2_FcgR3b","IPV3_IgG3"
"1078","IPV2_FcgR3b","IPV2_IgG3"
"1079","IPV2_FcgR3b","DT_IgG1"
"1080","IPV2_FcgR3b","PT_IgG"
"1081","IPV3_IgG1","IPV3_IgG2"
"1082","IPV3_IgG1","IPV1_IgG1"
"1083","IPV3_IgG1","ACT_IgG3"
"1084","IPV3_IgG1","IPV2_IgG3"
"1085","IPV3_IgG1","DT_IgG1"
"1086","IPV3_IgG2","IPV3_IgG3"
"1087","IPV1_IgG1","IPV3_IgG3"
"1088","IPV1_IgG1","PRN_IgG2"
"1089","IPV1_IgG1","PRN_IgG1"
"1090","IPV1_IgG1","DT_IgG1"
"1091","PT_ADCP","PRN_ADCP"
"1092","PT_ADCP","PT_IgG"
"1093","IPV3_IgG3","ACT_IgG3"
"1094","IPV3_IgG3","IPV2_IgG3"
"1095","IPV3_IgG3","PT_ADCD"
"1096","PRN_IgG2","PRN_IgG1"
"1097","PRN_IgG1","DT_IgG1"
"1098","PRN_IgG1","PT_IgG"
"1099","ACT_IgG3","DT_IgG1"
"1100","ACT_IgG3","PT_ADCD"
"1101","DT_IgG1","PT_IgG"
"1102","PT_IgG","PT_ADCD"
