abundance,Cluster,name,Node_Status,Score
8972.640167,Cluster3,TT_IgG4,Clustered,2.311111111111111
34.17573222,Cluster1,FIM_FcgR3b,Clustered,3.4285714285714284
55.65690377,Cluster2,PRN_IgG4,Clustered,4
31.23849372,Cluster1,FIM_IgG3,Clustered,3.6666666666666665
3245.008368,Cluster2,DT_IgG4,Clustered,5
45.66108787,Cluster1,TT_IgG3,Clustered,3.75
647.0041841,Cluster3,DT_FcgR3b,Clustered,2.2549019607843137
2803.213389,Cluster1,TT_FcgR3b,Clustered,3.9230769230769234
36.39748954,Cluster1,PRN_IgG3,Clustered,3.555555555555556
53.23849372,Cluster1,DT_IgG3,Clustered,3.238095238095238
269.4811715,Cluster2,FIM_FcgR2a,Clustered,4.800000000000001
141.8828452,Cluster1,FHA_IgG3,Clustered,3.6923076923076925
164.9874477,Cluster1,IPV2_IgG3,Clustered,3.3636363636363638
79.81910772,Cluster1,FHA_IgG,Clustered,3.5604395604395602
4837.543933,Cluster2,FHA_FcgR2a,Clustered,5
2928.364017,Cluster1,FHA_FcgR3b,Clustered,3.4545454545454546
35.51046025,Cluster1,PRN_ADNP,Clustered,3.9285714285714284
40.92050209,Cluster1,TT_ADCP,Clustered,3.466666666666667
509.8451883,Cluster1,PT_FcgR3b,Clustered,3.6923076923076925
566.9916318,Cluster3,FIM_IgG1,Clustered,2.0238095238095237
2619.468619,Cluster2,FHA_IgG1,Clustered,5
1301.355649,Cluster2,FHA_IgG4,Clustered,5
1660.920502,Cluster4,PRN_FcgR2a,Clustered,1.5833333333333335
959.4309623,Cluster1,PT_FcgR2a,Clustered,3.7333333333333334
2664.334728,Cluster4,DT_FcgR2a,Clustered,1.8571428571428572
156.3012552,Cluster1,IPV2_IgG4,Clustered,3.466666666666667
204.4351464,Cluster3,IPV2_FcgR3b,Clustered,2.327272727272727
6.309181081,Cluster1,FIM_IgG,Clustered,3.6571428571428575
22.64435146,Cluster1,PRN_ADCP,Clustered,3.238095238095238
180.0543933,Cluster1,IPV3_FcgR3b,Clustered,3.238095238095238
3088.711297,Cluster3,TT_IgG1,Clustered,2.142857142857143
157.4476987,Cluster2,FIM_ADCD,Clustered,4.464285714285714
33.21757322,Cluster2,PT_IgG4,Clustered,4
52.9748954,Cluster2,FIM_IgG2,Clustered,4.761904761904762
197.8786611,Cluster1,IPV1_FcgR3b,Seed,4
271.8577406,Cluster2,FHA_IgG2,Seed,5
7451.209205,Cluster4,TT_FcgR2a,Seed,1.8571428571428572
17.0083682,Unclustered,FIM_IgG4,Unclustered,2.4000000000000004
36.47698745,Unclustered,PT_IgG3,Unclustered,2.4175824175824174
81.47280335,Unclustered,IPV1_IgG3,Unclustered,2
42.39748954,Unclustered,IPV1_IgG4,Unclustered,2
485.7866109,Unclustered,IPV1_FcgR2a,Unclustered,3
516.1004184,Unclustered,IPV1_IgG1,Unclustered,2.142857142857143
199.3514644,Unclustered,IPV3_IgG3,Unclustered,1.8571428571428572
718.3472803,Unclustered,ACT_FcgR2a,Unclustered,1.8214285714285712
246.3263598,Unclustered,ACT_IgG1,Unclustered,2.7
141.3723849,Unclustered,ACT_FcgR3b,Unclustered,3
400.707113,Unclustered,IPV2_FcgR2a,Unclustered,3
33.23430962,Unclustered,ACT_IgG2,Unclustered,2
57.9665272,Unclustered,ACT_IgG3,Unclustered,2.1999999999999997
15.11715481,Unclustered,TT_ADNP,Unclustered,3
9.945606695,Unclustered,PT_ADNP,Unclustered,1.6
267.8242678,Unclustered,IPV2_ADCD,Unclustered,2
78.12927637,Unclustered,PRN_IgG,Unclustered,2.4000000000000004
890.6987448,Unclustered,FHA_ADCD,Unclustered,3
374.8870293,Unclustered,PT_IgG1,Unclustered,2.577777777777778
628.1297071,Unclustered,PRN_FcgR3b,Unclustered,3.076923076923077
30.58418896,Unclustered,PT_IgG,Unclustered,2.327272727272727
779.9916318,Unclustered,PRN_ADCD,Unclustered,0.9523809523809523
38.36820084,Unclustered,PRN_IgG2,Unclustered,2
465.0962343,Unclustered,PRN_IgG1,Unclustered,1.6666666666666667
244.8284519,Unclustered,IPV3_ADCD,Unclustered,2
503.8075314,Unclustered,IPV3_FcgR2a,Unclustered,1.0476190476190477
377.0376569,Unclustered,IPV3_IgG1,Unclustered,1.0666666666666667
904.6066946,Unclustered,PT_ADCD,Unclustered,3
38.40167364,Unclustered,PT_IgG2,Unclustered,2.692307692307692
37.49790795,Unclustered,IPV2_IgG2,Unclustered,3
465.334728,Unclustered,IPV2_IgG1,Unclustered,1.4727272727272727
8.887029289,Unclustered,DT_ADCP,Unclustered,0
8.518828452,Unclustered,PT_ADCP,Unclustered,2.7142857142857144
0.200599302,Unclustered,DT_IgG,Unclustered,0
194.5020921,Unclustered,DT_IgG2,Unclustered,1.8214285714285712
905.6820084,Unclustered,DT_IgG1,Unclustered,3
1519.920502,Unclustered,TT_ADCD,Unclustered,0
204.3807531,Unclustered,IPV3_IgG4,Unclustered,1.4
229.8033473,Unclustered,IPV1_ADCD,Unclustered,2
2.770352838,Unclustered,TT_IgG,Unclustered,3
593.6987448,Unclustered,TT_IgG2,Unclustered,0.9285714285714286
576.3389121,Unclustered,ACT_ADCD,Unclustered,1.6666666666666667
35.31799163,Unclustered,ACT_IgG4,Unclustered,2